viewing_session_id,basket
1,"S02,S05,S08"
2,"S04,S05"
3,"S01,S02,S03"
4,"S09,S14"
5,"S07,S12"
6,"S01,S04,S05"
7,"S11,S12"
8,"S09,S10"
9,"S09,S10"
10,S02
11,S11
12,"S09,S14"
13,"S01,S02,S03"
14,"S09,S14"
15,"S01,S02,S03"
16,S01
17,"S09,S14"
18,"S04,S07,S09,S14"
19,S15
20,"S12,S15"
21,"S01,S02,S03"
22,"S04,S05"
23,"S07,S14"
24,"S06,S07,S08"
25,"S09,S14"
26,S02
27,"S04,S06,S09"
28,"S07,S08,S12"
29,"S06,S07,S08"
30,"S01,S02,S03"
31,"S11,S12"
32,"S09,S10"
33,"S03,S12"
34,"S06,S07"
35,"S01,S09,S11,S13"
36,S07
37,"S03,S12"
38,S09
39,"S01,S02"
40,"S09,S14"
41,"S09,S10"
42,"S01,S02,S03"
43,"S01,S02,S05"
44,"S08,S12,S13,S15"
45,"S11,S12"
46,"S02,S08"
47,"S01,S02"
48,"S01,S13"
49,"S11,S12"
50,"S06,S07,S12"
51,"S03,S05,S08"
52,"S11,S12,S15"
53,"S11,S12"
54,"S09,S14"
55,"S09,S14"
56,"S01,S13"
57,S09
58,"S01,S02"
59,"S01,S13"
60,S04
61,"S10,S12"
62,"S06,S15"
63,"S04,S11,S14"
64,"S04,S05"
65,"S03,S04,S06,S13"
66,"S01,S13"
67,"S09,S10,S14"
68,"S11,S12"
69,"S01,S04,S07"
70,"S09,S10"
71,"S01,S02"
72,"S11,S12"
73,"S01,S02"
74,"S11,S12"
75,"S09,S10"
76,"S01,S13"
77,"S11,S12"
78,S01
79,"S04,S05"
80,"S01,S02"
81,"S06,S07,S08,S12"
82,"S09,S14"
83,"S09,S14"
84,"S10,S15"
85,"S04,S05"
86,"S01,S02,S03"
87,"S06,S07"
88,"S06,S10"
89,"S05,S08,S11"
90,"S01,S02,S03,S12"
91,"S11,S12"
92,"S09,S10"
93,"S09,S10"
94,"S09,S10"
95,"S09,S11,S14"
96,"S11,S12"
97,S14
98,"S01,S13"
99,"S01,S13"
100,"S06,S07,S08"
101,"S02,S09,S10"
102,"S01,S13"
103,"S01,S02"
104,"S03,S05,S06"
105,"S01,S02"
106,"S02,S06,S11,S15"
107,"S04,S05"
108,"S03,S06,S11,S14"
109,"S05,S08,S12"
110,"S01,S13"
111,"S09,S14"
112,"S09,S10"
113,"S11,S12"
114,"S01,S13"
115,"S05,S09"
116,"S06,S07"
117,"S02,S05,S06,S07"
118,"S02,S10"
119,"S06,S07,S08"
120,"S04,S05"
121,S14
122,"S04,S05"
123,"S01,S04,S08,S14"
124,"S02,S08"
125,"S09,S11,S12"
126,"S06,S07,S08"
127,"S02,S04,S05"
128,"S04,S05"
129,"S04,S05"
130,"S09,S10"
131,"S06,S07,S08"
132,"S01,S06,S12,S14"
133,"S11,S12,S15"
134,"S06,S07"
135,S10
136,"S11,S12,S15"
137,"S09,S10"
138,"S04,S05"
139,"S04,S05"
140,S06
141,"S04,S05"
142,"S07,S14"
143,"S09,S10,S14"
144,"S11,S12"
145,"S06,S07"
146,S15
147,"S02,S08,S12,S15"
148,S11
149,"S06,S07,S08"
150,"S09,S14"
151,"S05,S10,S12"
152,"S04,S05"
153,"S06,S07,S08"
154,S12
155,"S05,S07"
156,"S05,S09,S10"
157,"S09,S10"
158,"S04,S05"
159,"S03,S04,S05"
160,S02
161,"S11,S12,S15"
162,"S01,S02"
163,"S01,S13"
164,"S01,S13"
165,"S06,S07"
166,"S05,S15"
167,"S11,S12,S15"
168,"S09,S10"
169,"S04,S05"
170,S07
171,"S06,S10"
172,"S06,S07"
173,"S09,S14"
174,"S01,S13"
175,"S07,S11,S13,S15"
176,"S11,S12,S15"
177,"S09,S10"
178,"S07,S09,S10,S15"
179,"S09,S10"
180,"S01,S05,S09,S13"
181,"S01,S13"
182,S10
183,"S02,S07,S08"
184,"S06,S07"
185,"S01,S02,S03"
186,"S01,S03,S08,S12"
187,"S06,S07"
188,"S04,S08,S14"
189,"S03,S06,S08,S12"
190,S10
191,"S01,S13"
192,"S04,S05"
193,"S01,S02,S14"
194,"S06,S09,S13"
195,"S11,S12,S15"
196,"S01,S13"
197,"S02,S07,S08,S09"
198,"S11,S12,S15"
199,"S05,S11,S13"
200,"S04,S05"
201,"S05,S10,S12,S14"
202,"S04,S09"
203,"S02,S04,S09,S11"
204,"S05,S14"
205,"S05,S06,S08,S13"
206,"S11,S12"
207,"S09,S10"
208,"S04,S06,S09,S10"
209,"S04,S05,S07"
210,"S02,S05,S06,S15"
211,"S04,S05"
212,"S07,S10,S12"
213,"S06,S08,S11"
214,"S04,S07,S11,S13"
215,"S03,S10,S13"
216,"S01,S09,S11,S13"
217,"S01,S03,S05,S11"
218,S15
219,"S01,S13"
220,"S01,S13"
221,"S09,S14"
222,"S01,S13"
223,"S11,S12"
224,"S01,S02,S03"
225,"S09,S10"
226,"S01,S02"
227,"S04,S05"
228,S01
229,"S09,S10"
230,"S04,S05"
231,S09
232,"S02,S06,S12"
233,"S07,S09"
234,"S01,S13"
235,S10
236,"S09,S14"
237,S13
238,S02
239,"S06,S07"
240,"S01,S12,S14"
241,"S06,S07"
242,"S04,S11,S12,S15"
243,"S05,S09,S10,S11"
244,"S11,S12"
245,"S09,S10"
246,"S01,S02,S04"
247,"S11,S12"
248,"S04,S05"
249,"S06,S07"
250,S07
251,"S01,S02"
252,S12
253,"S04,S07,S10,S13"
254,"S02,S08,S10,S12"
255,S04
256,"S09,S10"
257,"S01,S13"
258,"S11,S12"
259,S05
260,"S07,S08,S10,S14"
261,"S04,S05"
262,"S09,S10"
263,S06
264,"S01,S02,S05,S07"
265,S01
266,"S09,S14"
267,"S03,S07,S11"
268,S06
269,"S05,S10,S11,S12"
270,"S11,S12"
271,S08
272,"S09,S14"
273,"S06,S07"
274,"S11,S12"
275,"S11,S12,S15"
276,"S06,S13"
277,"S09,S10"
278,S15
279,"S03,S07,S09,S10"
280,"S06,S07"
281,"S02,S08"
282,"S06,S07"
283,"S09,S10"
284,"S01,S07,S09,S10"
285,"S09,S14"
286,"S05,S15"
287,S01
288,S03
289,"S09,S10"
290,"S06,S07"
291,"S09,S10"
292,"S11,S12"
293,"S03,S12,S14,S15"
294,"S04,S07,S10"
295,"S03,S04,S08"
296,"S06,S10"
297,"S11,S12,S15"
298,"S04,S05"
299,"S01,S06,S07"
300,"S09,S10"
301,"S01,S02"
302,"S01,S02"
303,S15
304,"S04,S10,S15"
305,"S04,S05"
306,"S04,S05,S11"
307,"S01,S02,S04"
308,"S01,S11,S13"
309,"S07,S09,S14"
310,"S01,S14"
311,"S02,S06,S11"
312,"S06,S07"
313,"S09,S14"
314,"S05,S11,S12,S15"
315,S14
316,"S02,S07,S08"
317,"S04,S07,S12,S14"
318,"S06,S07"
319,S13
320,"S09,S14"
321,"S04,S05"
322,S10
323,"S02,S04"
324,"S09,S10"
325,"S09,S10"
326,"S02,S11"
327,S08
328,"S06,S07"
329,"S09,S10"
330,"S11,S12"
331,"S09,S14"
332,S04
333,"S01,S02"
334,"S08,S12"
335,"S02,S07,S11,S12"
336,"S05,S08,S11"
337,"S03,S15"
338,"S06,S07"
339,"S01,S02,S03"
340,"S06,S07,S08"
341,"S06,S07,S08,S14"
342,S12
343,"S06,S07"
344,"S02,S10"
345,"S09,S14"
346,"S04,S05"
347,"S11,S12"
348,"S01,S02"
349,"S13,S14"
350,S01
351,"S01,S02,S03,S04"
352,"S01,S02,S03"
353,"S09,S14"
354,"S01,S02"
355,"S04,S05"
356,"S01,S02,S08"
357,"S01,S10"
358,"S02,S09"
359,"S09,S13"
360,"S09,S12"
361,"S09,S10"
362,"S01,S12"
363,"S03,S06,S12,S14"
364,"S06,S07"
365,"S01,S03,S11,S14"
366,"S03,S08,S09,S12"
367,"S11,S12"
368,"S04,S05"
369,"S04,S05"
370,"S11,S12,S15"
371,"S01,S05,S09"
372,"S01,S02"
373,"S06,S07,S08"
374,S14
375,"S09,S14"
376,"S09,S14"
377,"S09,S10"
378,"S09,S14,S15"
379,"S02,S04,S10"
380,"S02,S13"
381,S04
382,"S04,S05"
383,"S04,S05"
384,"S09,S10"
385,"S04,S05"
386,"S08,S09,S11,S13"
387,"S01,S02"
388,"S09,S11,S14"
389,S11
390,S03
391,"S01,S02,S03"
392,"S04,S05"
393,"S04,S05"
394,S12
395,S10
396,"S01,S13"
397,"S01,S09"
398,"S09,S10"
399,S09
400,"S02,S03,S06,S13"
401,"S04,S05"
402,"S10,S13"
403,"S14,S15"
404,"S06,S07"
405,S08
406,"S03,S04,S07,S09"
407,S05
408,"S11,S12,S15"
409,"S01,S13"
410,"S01,S02,S03"
411,"S01,S13"
412,"S11,S12,S15"
413,S07
414,S10
415,"S02,S06,S07"
416,"S01,S02,S03"
417,"S04,S05"
418,"S06,S10,S11,S14"
419,"S01,S08,S10"
420,"S11,S12"
421,"S04,S05"
422,"S06,S07"
423,"S04,S07,S11"
424,"S11,S12"
425,"S11,S12"
426,"S09,S14"
427,"S01,S02"
428,"S04,S05"
429,"S11,S12,S15"
430,S01
431,"S06,S07"
432,"S11,S12"
433,"S02,S06,S09"
434,"S06,S07"
435,"S04,S05"
436,"S11,S12"
437,"S06,S07"
438,"S09,S14"
439,"S08,S11,S14"
440,"S03,S06,S07,S10"
441,"S01,S02"
442,"S01,S13"
443,"S02,S05"
444,"S02,S13"
445,"S01,S10,S13"
446,"S01,S02"
447,"S02,S06,S10,S14"
448,"S09,S14"
449,"S01,S02,S09"
450,"S09,S14"
451,"S02,S04,S06"
452,"S01,S11,S15"
453,"S07,S09,S10,S11"
454,"S09,S10,S12"
455,"S11,S12"
456,"S06,S07"
457,S10
458,"S04,S05"
459,"S06,S07,S08"
460,"S06,S11,S12,S15"
461,"S01,S02"
462,"S01,S13"
463,"S01,S03,S12"
464,"S01,S13"
465,S08
466,"S02,S06,S09,S10"
467,"S09,S14"
468,"S01,S02"
469,"S04,S05"
470,"S07,S08,S14"
471,"S01,S03,S14"
472,"S01,S06,S07"
473,"S06,S07"
474,"S01,S13"
475,S10
476,S04
477,"S09,S14"
478,"S06,S07"
479,"S08,S09,S11,S15"
480,"S04,S12"
481,"S06,S07"
482,"S08,S09,S12,S14"
483,"S09,S14"
484,"S04,S05"
485,"S05,S14"
486,"S01,S02,S03"
487,S12
488,S09
489,"S04,S05,S11"
490,S01
491,"S09,S10"
492,"S04,S05"
493,"S06,S07,S08"
494,"S02,S03,S07,S15"
495,"S03,S12"
496,"S02,S05,S11,S14"
497,"S04,S05"
498,"S08,S15"
499,"S01,S06,S13"
500,"S07,S09"
501,"S08,S10,S14"
502,"S11,S12,S15"
503,"S11,S12"
504,"S03,S06,S10,S11"
505,"S11,S12,S15"
506,"S06,S07,S08"
507,"S07,S10,S12,S15"
508,"S01,S02"
509,"S01,S02"
510,"S04,S05"
511,"S05,S12"
512,"S09,S10,S14"
513,"S02,S11"
514,"S04,S06,S12,S14"
515,"S01,S02"
516,"S02,S03,S14"
517,"S11,S12"
518,"S11,S12,S15"
519,"S04,S08,S14,S15"
520,S05
521,"S09,S10,S15"
522,"S01,S13"
523,"S09,S14"
524,"S01,S02,S03"
525,"S02,S06"
526,"S06,S07"
527,S03
528,"S05,S10,S12,S15"
529,"S01,S02,S03,S14"
530,"S01,S02"
531,"S01,S13"
532,"S11,S12,S15"
533,"S09,S14"
534,"S02,S04,S10"
535,"S03,S05,S11,S14"
536,"S07,S13"
537,"S09,S14"
538,S11
539,"S01,S02"
540,S13
541,"S05,S07,S09,S12"
542,"S04,S07,S08,S14"
543,"S11,S12,S15"
544,"S05,S12,S13"
545,"S01,S13"
546,"S05,S07"
547,"S06,S07"
548,"S02,S03,S07,S14"
549,S01
550,"S04,S05"
551,"S06,S07,S08"
552,"S06,S10,S15"
553,"S01,S13"
554,S07
555,"S11,S12"
556,"S06,S07"
557,"S09,S10"
558,"S01,S13"
559,"S01,S07,S08,S15"
560,"S09,S14"
561,"S04,S05"
562,"S10,S11,S12"
563,"S04,S05"
564,"S01,S02,S03"
565,"S06,S07"
566,"S11,S12"
567,"S06,S07"
568,"S01,S02,S03"
569,S04
570,"S01,S07,S13"
571,"S01,S02"
572,"S09,S10"
573,"S01,S07,S10"
574,"S04,S05"
575,S02
576,S15
577,"S05,S14"
578,"S09,S14"
579,S07
580,"S08,S11"
581,"S03,S12"
582,"S06,S07"
583,S01
584,"S11,S12"
585,"S04,S08,S13"
586,"S04,S08,S10"
587,S02
588,"S11,S12,S15"
589,"S05,S08,S09"
590,"S06,S07,S08"
591,S02
592,"S06,S07"
593,"S11,S12"
594,"S07,S09,S12,S15"
595,"S06,S07,S15"
596,"S06,S07,S08"
597,S08
598,"S09,S11,S12"
599,"S11,S12,S15"
600,"S09,S11,S14"
601,"S01,S02,S03"
602,"S06,S07"
603,"S11,S12"
604,"S09,S10"
605,"S04,S05"
606,"S04,S05"
607,"S02,S05,S14"
608,"S01,S02,S03"
609,"S08,S11,S14"
610,"S02,S03,S15"
611,"S06,S07"
612,"S09,S10"
613,"S07,S09,S11,S15"
614,S12
615,S06
616,"S01,S13"
617,S09
618,"S01,S02"
619,"S04,S05"
620,"S07,S10"
621,"S11,S12"
622,"S09,S10"
623,"S02,S14,S15"
624,"S01,S13"
625,"S03,S10"
626,"S09,S10"
627,"S06,S08"
628,"S06,S07"
629,"S07,S10,S15"
630,"S09,S14"
631,"S04,S05,S12,S14"
632,"S01,S04,S09,S15"
633,S06
634,"S04,S06,S11,S13"
635,"S09,S10"
636,"S11,S12,S15"
637,S02
638,"S09,S10"
639,"S05,S12"
640,"S11,S12"
641,"S01,S02,S03"
642,S01
643,"S03,S12,S13"
644,"S09,S14"
645,"S01,S07,S11"
646,"S06,S07,S08"
647,"S04,S07,S11"
648,"S06,S07,S08"
649,S11
650,"S03,S09,S10"
651,"S02,S06,S13"
652,"S01,S02,S11,S13"
653,"S06,S07,S08"
654,"S03,S08,S11,S15"
655,"S06,S07,S08"
656,"S11,S12,S15"
657,S11
658,"S04,S05"
659,"S05,S06,S15"
660,S08
661,"S09,S14"
662,S08
663,"S02,S14,S15"
664,S10
665,"S02,S06,S10,S14"
666,"S06,S14"
667,"S09,S10"
668,"S01,S04,S06"
669,"S06,S07"
670,"S06,S07"
671,"S01,S02"
672,"S11,S12"
673,"S01,S12"
674,S10
675,"S09,S10"
676,S03
677,"S09,S10"
678,"S04,S05"
679,"S01,S02,S03"
680,"S01,S02,S03"
681,"S09,S14"
682,"S11,S12"
683,"S01,S11"
684,S08
685,"S04,S06,S12,S15"
686,"S02,S08,S11,S13"
687,"S09,S10"
688,"S06,S07,S08,S14"
689,S13
690,"S04,S05,S14"
691,"S04,S05,S08"
692,"S04,S06,S14"
693,"S09,S10"
694,"S06,S07"
695,S04
696,"S04,S05"
697,"S01,S03,S07,S11"
698,"S11,S12"
699,"S06,S11"
700,"S01,S13"
701,"S06,S08,S14,S15"
702,"S06,S07,S08"
703,"S01,S13"
704,"S09,S14"
705,"S06,S07"
706,"S09,S14"
707,S11
708,"S06,S07"
709,"S04,S11,S13"
710,"S10,S11"
711,"S09,S10"
712,"S04,S05"
713,"S01,S09,S13"
714,S14
715,"S02,S10"
716,"S09,S10"
717,"S06,S07"
718,"S09,S13,S15"
719,"S11,S12"
720,"S04,S05"
721,"S06,S07,S08,S09"
722,"S04,S05"
723,S07
724,"S01,S02"
725,"S01,S02"
726,"S02,S04,S05"
727,"S05,S06"
728,"S01,S13"
729,"S01,S13"
730,"S01,S03,S08,S12"
731,"S05,S09,S15"
732,"S06,S07"
733,"S09,S10"
734,"S09,S14"
735,"S09,S14"
736,"S07,S13"
737,"S01,S02,S03"
738,"S01,S02"
739,"S09,S10"
740,"S08,S11"
741,S09
742,"S09,S14"
743,"S01,S02,S03"
744,"S09,S10"
745,"S09,S10"
746,"S11,S12"
747,"S11,S12"
748,"S11,S12"
749,"S01,S13"
750,S01
751,"S11,S12"
752,"S09,S14"
753,"S04,S08"
754,"S09,S14"
755,"S01,S02,S03"
756,"S09,S14"
757,"S04,S05"
758,S11
759,"S09,S14"
760,"S09,S14"
761,"S08,S11,S12"
762,"S01,S02,S03"
763,"S06,S07"
764,"S09,S10,S11"
765,"S09,S10"
766,"S02,S09,S10,S15"
767,S14
768,"S01,S02,S03"
769,"S04,S05"
770,"S04,S05,S06,S14"
771,"S11,S12"
772,"S01,S02"
773,"S09,S14"
774,"S01,S11,S13"
775,"S01,S13"
776,"S04,S06"
777,"S09,S10"
778,"S04,S05"
779,"S10,S11"
780,"S06,S08"
781,"S13,S14,S15"
782,"S01,S04,S10"
783,"S01,S02"
784,"S01,S02,S13"
785,"S06,S07,S08"
786,"S09,S15"
787,"S03,S11,S13"
788,"S01,S02"
789,"S01,S02,S03"
790,"S04,S05"
791,"S03,S06,S10,S14"
792,"S06,S07"
793,"S09,S10"
794,"S03,S05,S07,S14"
795,"S06,S07,S08"
796,"S01,S13"
797,S07
798,"S11,S12"
799,"S02,S11,S12"
800,"S11,S13"
801,S14
802,"S04,S08,S10,S12"
803,"S03,S06,S07"
804,"S02,S06,S09,S10"
805,"S01,S05"
806,"S01,S10,S13,S15"
807,"S03,S06,S11"
808,"S04,S05,S09"
809,"S01,S13"
810,"S09,S14"
811,"S08,S09,S10"
812,"S09,S14"
813,S04
814,"S06,S07"
815,"S09,S14"
816,"S09,S10,S15"
817,"S01,S02,S03"
818,S11
819,"S03,S09,S14"
820,"S01,S08,S13"
821,"S01,S02,S03"
822,"S09,S10"
823,"S02,S03,S07"
824,"S09,S10"
825,"S11,S12,S15"
826,"S01,S04"
827,S01
828,"S09,S10"
829,"S06,S07,S08"
830,S08
831,S08
832,S15
833,"S06,S07,S08"
834,S11
835,"S06,S07,S10,S12"
836,"S06,S07"
837,S09
838,"S04,S05"
839,"S11,S12"
840,"S07,S10,S15"
841,"S04,S05"
842,"S09,S10"
843,S10
844,S06
845,"S01,S03,S11"
846,S09
847,"S02,S03,S06"
848,"S01,S13"
849,"S03,S04,S14"
850,"S11,S12,S15"
851,"S01,S13"
852,"S01,S02"
853,"S02,S06"
854,"S04,S05"
855,"S11,S12,S15"
856,"S01,S02"
857,S05
858,"S01,S09,S11,S13"
859,"S01,S02"
860,"S01,S02,S03"
861,"S01,S08,S09,S12"
862,"S09,S14"
863,"S04,S08,S11,S13"
864,S13
865,S12
866,"S03,S15"
867,"S11,S12"
868,"S06,S10,S12,S15"
869,"S01,S13"
870,"S09,S10"
871,S10
872,"S06,S07"
873,"S11,S12"
874,"S06,S08"
875,S15
876,"S11,S12"
877,"S09,S10"
878,S05
879,"S09,S10"
880,"S10,S11,S15"
881,S12
882,"S09,S10"
883,"S04,S05,S08"
884,"S01,S12,S14"
885,"S11,S12"
886,"S01,S10,S13"
887,"S06,S08,S11,S12"
888,"S05,S06,S10"
889,"S05,S06,S10,S14"
890,"S01,S02"
891,"S01,S06,S07,S15"
892,"S06,S07"
893,S12
894,"S06,S07"
895,"S03,S07"
896,"S04,S05"
897,"S04,S06,S07,S15"
898,"S09,S10"
899,"S09,S10"
900,"S01,S08,S13"
901,"S09,S15"
902,"S01,S03,S13"
903,"S01,S13"
904,"S01,S11,S12,S15"
905,S09
906,S01
907,"S01,S02,S06"
908,"S01,S13"
909,"S11,S12"
910,S11
911,"S11,S12,S15"
912,"S09,S11,S12,S15"
913,"S01,S04,S06"
914,"S01,S04"
915,"S09,S14"
916,S08
917,"S01,S04,S05"
918,"S02,S06"
919,"S11,S12"
920,S10
921,"S11,S12,S15"
922,"S06,S09,S11,S13"
923,"S04,S05,S14"
924,"S01,S02"
925,"S01,S13"
926,"S04,S05"
927,"S01,S13"
928,"S04,S08,S12,S14"
929,"S06,S07,S12"
930,"S09,S10"
931,"S01,S13"
932,"S04,S05"
933,"S09,S10"
934,"S11,S12,S15"
935,"S06,S07"
936,"S04,S14"
937,"S01,S02,S03"
938,S09
939,S07
940,"S01,S13"
941,"S04,S05"
942,"S06,S07"
943,"S05,S11,S14"
944,"S09,S10"
945,"S02,S05,S13"
946,"S06,S07,S08"
947,S05
948,"S03,S04,S07,S09"
949,"S08,S09,S15"
950,"S04,S05"
951,"S04,S05"
952,"S07,S12,S13,S14"
953,"S01,S13"
954,S10
955,"S06,S07"
956,S05
957,"S01,S03,S13"
958,"S04,S08,S15"
959,"S09,S14"
960,"S06,S07"
961,"S03,S10,S11"
962,"S06,S07,S08"
963,"S01,S02"
964,"S04,S05"
965,"S09,S10,S14"
966,"S04,S11"
967,S04
968,S06
969,"S05,S09,S11,S14"
970,"S04,S05"
971,"S01,S13"
972,"S06,S07"
973,"S06,S07"
974,S04
975,"S01,S02,S05"
976,"S01,S02"
977,"S09,S10"
978,S12
979,S09
980,"S02,S06"
981,S14
982,"S09,S14"
983,"S01,S03,S13"
984,"S02,S06,S09,S13"
985,"S04,S05,S10"
986,"S12,S15"
987,"S01,S02,S03"
988,"S09,S10"
989,"S01,S02"
990,"S03,S06,S11,S12"
991,"S02,S10"
992,"S01,S07,S11,S13"
993,"S04,S06,S08"
994,"S01,S06,S11,S14"
995,S15
996,"S04,S05"
997,"S11,S12"
998,"S05,S10,S13,S15"
999,"S09,S14"
1000,"S09,S10"
1001,"S04,S05"
1002,"S11,S13"
1003,"S04,S05"
1004,"S01,S13"
1005,"S07,S10"
1006,"S02,S05,S10,S12"
1007,"S04,S05,S14"
1008,S01
1009,"S06,S11,S12"
1010,"S01,S13"
1011,"S01,S02"
1012,"S09,S14"
1013,"S01,S02"
1014,"S07,S09,S14"
1015,"S02,S03,S04,S06"
1016,"S09,S14"
1017,"S09,S10"
1018,"S09,S10"
1019,"S01,S02"
1020,S07
1021,"S04,S05"
1022,S13
1023,"S09,S10"
1024,"S11,S12"
1025,"S04,S12"
1026,"S09,S10"
1027,"S01,S02,S11,S13"
1028,"S03,S06,S10,S14"
1029,"S09,S10"
1030,"S01,S13"
1031,"S01,S02,S03"
1032,S14
1033,S06
1034,"S06,S07,S08"
1035,"S06,S07"
1036,"S01,S02"
1037,"S06,S07,S08,S11"
1038,"S01,S07,S10,S15"
1039,"S05,S09,S11"
1040,"S06,S07,S08,S10"
1041,S08
1042,"S01,S02"
1043,"S04,S05"
1044,"S09,S10"
1045,"S01,S13"
1046,"S09,S10"
1047,"S09,S14"
1048,"S11,S12"
1049,"S09,S10"
1050,"S03,S07,S09"
1051,"S10,S13"
1052,"S01,S02,S03"
1053,"S04,S07,S08,S15"
1054,"S04,S11"
1055,"S09,S14"
1056,"S04,S05,S08,S09"
1057,"S09,S10"
1058,"S04,S05,S11,S15"
1059,"S04,S05"
1060,"S09,S10"
1061,"S05,S07,S08,S11"
1062,"S05,S11,S14,S15"
1063,"S05,S06,S07,S11"
1064,"S01,S02"
1065,"S04,S05"
1066,"S04,S05"
1067,"S01,S10"
1068,"S06,S07,S08"
1069,"S01,S13"
1070,"S09,S10"
1071,"S01,S02,S03"
1072,S07
1073,"S03,S06,S10,S15"
1074,"S01,S13"
1075,"S08,S12,S14,S15"
1076,"S11,S12"
1077,"S01,S02,S11,S13"
1078,"S05,S07,S09,S10"
1079,"S09,S14"
1080,"S11,S12"
1081,"S05,S12,S15"
1082,"S03,S08,S10,S14"
1083,"S04,S13"
1084,"S11,S12,S15"
1085,S05
1086,"S04,S05"
1087,"S01,S13"
1088,"S01,S02"
1089,"S07,S11,S12,S14"
1090,"S02,S04,S08,S12"
1091,"S03,S10"
1092,"S06,S08,S09,S12"
1093,"S04,S05"
1094,"S03,S06,S13"
1095,"S04,S05"
1096,"S09,S14"
1097,S15
1098,"S01,S13"
1099,"S09,S10"
1100,"S04,S06,S10,S14"
1101,"S01,S13"
1102,"S01,S02,S13"
1103,S05
1104,"S01,S02"
1105,"S09,S10"
1106,"S09,S14"
1107,"S06,S07,S08"
1108,"S11,S12,S15"
1109,"S02,S07,S09,S15"
1110,"S02,S05,S07"
1111,"S09,S14"
1112,"S04,S05"
1113,"S04,S05"
1114,"S09,S10"
1115,"S04,S05"
1116,"S09,S10"
1117,"S01,S02"
1118,"S02,S06,S10,S13"
1119,"S01,S02,S03"
1120,"S09,S14"
1121,"S06,S07"
1122,"S11,S12,S15"
1123,S14
1124,"S01,S02,S04,S14"
1125,"S04,S05"
1126,"S06,S07,S08"
1127,"S11,S12,S15"
1128,"S06,S07"
1129,"S01,S02"
1130,"S06,S07"
1131,"S06,S07"
1132,"S03,S04,S11,S14"
1133,"S06,S07,S15"
1134,"S11,S12"
1135,"S05,S10,S14"
1136,"S04,S05"
1137,S11
1138,"S09,S14"
1139,"S01,S13"
1140,"S01,S10"
1141,"S01,S13"
1142,"S11,S12,S15"
1143,"S09,S14"
1144,"S01,S02,S03,S13"
1145,"S09,S14"
1146,"S01,S02"
1147,"S06,S07,S08"
1148,S09
1149,"S11,S12,S15"
1150,S06
1151,"S09,S10"
1152,"S05,S13,S15"
1153,"S02,S07"
1154,"S01,S02,S03"
1155,"S01,S02"
1156,"S04,S07,S09"
1157,"S02,S05,S15"
1158,"S05,S10"
1159,"S06,S07,S08"
1160,"S12,S14,S15"
1161,"S01,S02"
1162,"S09,S14"
1163,S08
1164,"S01,S02,S03"
1165,"S07,S09,S14"
1166,"S07,S08,S11,S15"
1167,"S06,S07,S08"
1168,"S02,S07,S11,S13"
1169,"S01,S13"
1170,"S11,S12"
1171,"S01,S02"
1172,"S01,S02"
1173,"S01,S08,S10,S14"
1174,"S06,S09,S12"
1175,"S02,S10,S15"
1176,"S09,S10"
1177,S11
1178,"S01,S02,S03"
1179,"S09,S14"
1180,"S02,S07"
1181,"S04,S05"
1182,"S01,S02,S09,S14"
1183,"S04,S05"
1184,"S01,S02,S03"
1185,"S01,S13"
1186,"S09,S12,S14"
1187,"S02,S04,S05,S09"
1188,"S01,S07,S08,S10"
1189,"S11,S12"
1190,"S09,S10"
1191,"S09,S10"
1192,"S04,S05"
1193,S08
1194,"S09,S10"
1195,"S01,S11"
1196,"S08,S15"
1197,"S01,S02"
1198,"S09,S13,S14"
1199,S14
1200,"S06,S07"
1201,"S04,S05"
1202,"S01,S13"
1203,"S10,S14,S15"
1204,"S02,S03,S07,S14"
1205,"S06,S07"
1206,"S06,S07"
1207,"S01,S02"
1208,"S08,S14"
1209,"S03,S10,S14"
1210,"S01,S02,S03"
1211,"S01,S02"
1212,"S11,S12,S15"
1213,"S09,S10"
1214,"S11,S12"
1215,"S09,S14"
1216,S03
1217,"S07,S08"
1218,"S04,S05"
1219,"S01,S15"
1220,"S01,S13"
1221,"S01,S13"
1222,S11
1223,S12
1224,"S09,S14"
1225,S04
1226,"S05,S15"
1227,"S01,S13"
1228,"S04,S05"
1229,"S11,S12"
1230,S14
1231,S04
1232,"S02,S07,S11,S15"
1233,S08
1234,"S04,S05"
1235,"S08,S12"
1236,S13
1237,"S01,S07,S11"
1238,"S04,S06,S07"
1239,"S01,S02,S03"
1240,"S07,S09"
1241,"S10,S13,S15"
1242,"S05,S06,S10,S11"
1243,"S03,S12"
1244,"S01,S13"
1245,"S11,S12"
1246,"S06,S10"
1247,"S09,S10"
1248,"S02,S03,S12"
1249,S15
1250,"S11,S12"
1251,S11
1252,"S03,S04"
1253,"S05,S09"
1254,"S01,S06,S10,S13"
1255,"S04,S06,S11"
1256,"S01,S13"
1257,"S01,S13"
1258,S02
1259,"S04,S05"
1260,"S06,S07,S10"
1261,"S04,S05"
1262,"S01,S02"
1263,"S04,S05"
1264,"S09,S10"
1265,"S04,S05"
1266,"S06,S07"
1267,"S01,S13"
1268,"S06,S07"
1269,"S02,S04,S11,S14"
1270,"S09,S10"
1271,"S01,S06,S07,S15"
1272,"S09,S14"
1273,"S02,S05,S15"
1274,"S06,S07"
1275,"S01,S02"
1276,S07
1277,"S01,S13"
1278,S08
1279,"S09,S11,S12"
1280,"S09,S10,S14"
1281,"S09,S10"
1282,"S01,S08,S09,S10"
1283,"S07,S09,S10,S15"
1284,"S09,S14"
1285,S03
1286,"S11,S12,S15"
1287,"S06,S07"
1288,"S05,S14"
1289,"S01,S02"
1290,"S09,S14"
1291,"S09,S14"
1292,"S01,S02,S03"
1293,S12
1294,"S11,S12"
1295,"S04,S05"
1296,"S01,S02"
1297,S05
1298,"S02,S04,S09"
1299,"S01,S08,S10,S12"
1300,"S09,S14"
1301,"S01,S05,S09,S15"
1302,"S03,S12"
1303,S01
1304,S08
1305,"S01,S13"
1306,"S06,S07"
1307,"S06,S09,S10"
1308,"S12,S15"
1309,"S04,S05"
1310,"S01,S02"
1311,"S06,S07,S10"
1312,"S13,S14"
1313,S02
1314,"S01,S13"
1315,"S07,S08,S12,S13"
1316,S14
1317,"S06,S07"
1318,"S09,S11,S12"
1319,"S06,S08,S15"
1320,"S09,S14"
1321,"S06,S07"
1322,"S03,S05,S10,S14"
1323,"S12,S15"
1324,"S01,S13"
1325,"S09,S10"
1326,S03
1327,S06
1328,"S07,S12"
1329,"S02,S03,S07,S08"
1330,"S01,S09,S13"
1331,"S01,S09,S13"
1332,"S06,S07,S08"
1333,"S04,S05"
1334,"S01,S13"
1335,"S10,S13"
1336,"S02,S03,S05,S08"
1337,S10
1338,"S05,S13,S14"
1339,"S01,S09,S13"
1340,"S06,S07"
1341,"S11,S12,S15"
1342,"S09,S14"
1343,"S04,S05"
1344,"S01,S13"
1345,S09
1346,"S06,S07"
1347,"S03,S06,S07,S09"
1348,"S04,S05"
1349,"S09,S14"
1350,"S01,S12"
1351,"S09,S10"
1352,"S01,S02"
1353,"S07,S13"
1354,"S03,S04,S10,S15"
1355,"S04,S05"
1356,"S01,S13"
1357,"S02,S05"
1358,"S04,S05"
1359,"S09,S10,S11"
1360,S07
1361,"S09,S14"
1362,"S09,S14"
1363,"S09,S10"
1364,"S04,S05"
1365,"S11,S12,S15"
1366,"S05,S14"
1367,"S08,S11,S15"
1368,"S01,S02,S03"
1369,"S09,S10"
1370,"S01,S03,S07,S13"
1371,"S06,S07"
1372,"S09,S14"
1373,"S02,S07,S14,S15"
1374,S04
1375,"S03,S07"
1376,"S11,S12"
1377,"S09,S10"
1378,S14
1379,"S04,S05"
1380,"S07,S11,S15"
1381,"S04,S13,S14"
1382,"S06,S09,S13,S15"
1383,"S07,S09,S14"
1384,"S04,S05"
1385,"S09,S10"
1386,"S07,S09,S14"
1387,"S07,S11,S12"
1388,S11
1389,"S03,S13"
1390,"S01,S02"
1391,S08
1392,S11
1393,S12
1394,S12
1395,S01
1396,"S02,S06,S10,S15"
1397,"S06,S07"
1398,"S01,S08,S10,S12"
1399,"S11,S12"
1400,"S04,S05"
1401,"S01,S02"
1402,"S04,S05,S12"
1403,"S02,S12,S13"
1404,"S04,S05"
1405,"S09,S14"
1406,"S09,S14"
1407,"S04,S05"
1408,"S09,S14"
1409,S09
1410,S01
1411,"S06,S07"
1412,"S01,S04,S05,S14"
1413,"S01,S13"
1414,"S02,S05,S08,S15"
1415,"S05,S12,S13"
1416,"S09,S10"
1417,S10
1418,"S09,S10"
1419,"S01,S02,S06"
1420,S01
1421,"S09,S10"
1422,"S05,S14"
1423,"S04,S05"
1424,"S01,S06,S14"
1425,"S09,S14"
1426,"S04,S05"
1427,"S09,S14"
1428,"S02,S05,S09"
1429,"S04,S05"
1430,"S05,S09,S14"
1431,"S02,S03,S04,S15"
1432,"S01,S02"
1433,"S01,S06"
1434,"S09,S10"
1435,"S01,S13"
1436,"S01,S04,S09"
1437,S09
1438,"S01,S13"
1439,"S07,S13"
1440,"S09,S10"
1441,"S06,S07"
1442,"S01,S02"
1443,S15
1444,"S01,S13"
1445,"S09,S14"
1446,"S09,S10"
1447,"S01,S02,S03"
1448,"S01,S04,S10,S15"
1449,"S08,S11,S12,S15"
1450,S10
1451,"S08,S11,S13"
1452,"S11,S12"
1453,S04
1454,"S11,S12"
1455,"S01,S02"
1456,"S12,S13"
1457,"S01,S13"
1458,"S01,S06,S07,S15"
1459,"S01,S02"
1460,"S06,S07,S08"
1461,"S09,S12,S13,S15"
1462,"S09,S14"
1463,"S07,S09,S14"
1464,"S07,S13"
1465,"S01,S13"
1466,"S02,S12"
1467,"S11,S12"
1468,"S01,S08,S09,S10"
1469,S10
1470,S08
1471,"S04,S08,S12,S14"
1472,"S06,S10"
1473,"S09,S14"
1474,"S01,S02"
1475,S04
1476,"S07,S10,S14,S15"
1477,"S09,S14"
1478,"S01,S02"
1479,"S09,S10,S12"
1480,"S04,S05"
1481,S10
1482,"S01,S13"
1483,"S09,S10"
1484,S02
1485,"S06,S07,S08"
1486,"S04,S06,S15"
1487,"S04,S05"
1488,S05
1489,S13
1490,"S01,S02,S03"
1491,"S04,S05"
1492,"S11,S12"
1493,"S04,S05"
1494,"S05,S13"
1495,"S11,S12,S15"
1496,"S11,S12,S15"
1497,"S09,S10"
1498,"S01,S13"
1499,S02
1500,"S01,S13"
1501,"S04,S06,S09"
1502,"S04,S05"
1503,"S02,S07,S13"
1504,"S01,S13"
1505,"S10,S11,S12"
1506,"S01,S02,S03"
1507,"S01,S08"
1508,"S09,S14"
1509,S09
1510,"S06,S07,S08"
1511,"S06,S09"
1512,"S09,S14"
1513,"S01,S13"
1514,"S04,S05"
1515,"S01,S13"
1516,"S01,S04,S08,S09"
1517,"S09,S10"
1518,S01
1519,S03
1520,"S04,S05"
1521,"S01,S13"
1522,"S06,S07"
1523,"S06,S07,S13"
1524,"S09,S10"
1525,"S04,S05"
1526,"S02,S06,S08,S11"
1527,"S09,S14"
1528,S11
1529,S12
1530,"S02,S12,S14"
1531,"S09,S10"
1532,"S06,S07,S08"
1533,"S09,S14"
1534,"S04,S05"
1535,"S11,S12"
1536,"S04,S05"
1537,"S04,S05,S11,S15"
1538,"S04,S05"
1539,"S05,S06,S11"
1540,"S06,S07"
1541,"S02,S13"
1542,"S11,S12"
1543,"S09,S10"
1544,"S05,S06,S10,S11"
1545,"S01,S02,S03"
1546,"S03,S04,S12"
1547,"S11,S12,S15"
1548,"S06,S07"
1549,"S06,S07"
1550,"S04,S05"
1551,S15
1552,"S04,S05"
1553,"S09,S14"
1554,"S09,S10"
1555,"S01,S02"
1556,"S09,S14"
1557,"S09,S14"
1558,"S06,S10,S13,S15"
1559,"S01,S13"
1560,"S01,S02"
1561,"S06,S07"
1562,"S11,S12,S15"
1563,"S01,S02,S03,S06"
1564,"S11,S12"
1565,"S11,S12,S15"
1566,"S04,S05"
1567,"S09,S10"
1568,S06
1569,"S01,S13"
1570,"S12,S15"
1571,"S01,S02,S03"
1572,"S01,S02"
1573,"S04,S09"
1574,"S09,S14"
1575,"S08,S13,S14"
1576,"S04,S07,S11"
1577,S06
1578,S13
1579,"S01,S13"
1580,"S03,S10,S14"
1581,"S04,S05"
1582,"S02,S04,S06,S13"
1583,"S11,S12,S14,S15"
1584,"S06,S10"
1585,"S11,S12,S15"
1586,"S01,S13"
1587,"S05,S13"
1588,"S04,S05"
1589,"S01,S13"
1590,"S01,S04,S15"
1591,S01
1592,"S04,S05"
1593,S05
1594,"S09,S10"
1595,"S01,S13"
1596,"S04,S05"
1597,"S01,S02,S03"
1598,"S11,S12"
1599,"S04,S05"
1600,"S09,S14"
1601,"S02,S10,S11,S14"
1602,"S10,S15"
1603,"S01,S02,S03,S12"
1604,S09
1605,S15
1606,"S06,S07"
1607,"S06,S07"
1608,"S01,S02"
1609,"S11,S12,S15"
1610,"S09,S14"
1611,"S04,S05"
1612,"S01,S02,S11"
1613,"S04,S05"
1614,"S01,S13"
1615,"S09,S14"
1616,S09
1617,"S11,S12"
1618,"S03,S12"
1619,"S09,S14"
1620,"S09,S10"
1621,"S04,S05,S10,S14"
1622,"S06,S07"
1623,"S09,S10"
1624,S01
1625,"S04,S05"
1626,"S09,S10"
1627,S06
1628,"S01,S02,S05,S10"
1629,"S05,S07,S11"
1630,"S03,S09,S12"
1631,"S08,S14"
1632,"S09,S10"
1633,"S04,S05"
1634,S05
1635,S03
1636,"S04,S05"
1637,"S11,S12"
1638,"S01,S04,S06"
1639,"S01,S06,S07,S14"
1640,"S09,S14"
1641,"S09,S10"
1642,"S04,S06,S08,S09"
1643,"S04,S05,S14,S15"
1644,"S06,S07"
1645,"S11,S12"
1646,S10
1647,S12
1648,"S11,S12"
1649,"S02,S09,S13"
1650,"S09,S14"
1651,"S10,S14"
1652,"S06,S07"
1653,"S01,S13"
1654,"S09,S10"
1655,"S05,S08"
1656,S11
1657,"S11,S12"
1658,S13
1659,"S04,S11,S14"
1660,"S11,S12"
1661,S04
1662,S09
1663,"S06,S08,S15"
1664,"S09,S10"
1665,"S04,S05,S06"
1666,S04
1667,"S05,S14"
1668,"S11,S12"
1669,"S04,S05"
1670,"S09,S10"
1671,"S01,S12,S13"
1672,S01
1673,"S03,S09,S10"
1674,"S04,S08"
1675,"S09,S14"
1676,"S02,S11"
1677,"S01,S02"
1678,"S01,S02"
1679,"S09,S10"
1680,S14
1681,"S01,S13"
1682,"S06,S07"
1683,"S01,S13"
1684,"S02,S11"
1685,"S04,S05"
1686,S08
1687,"S06,S08,S12"
1688,"S02,S14,S15"
1689,"S09,S10"
1690,"S03,S10"
1691,"S01,S02"
1692,"S01,S13"
1693,"S04,S05"
1694,"S11,S12,S15"
1695,"S01,S06,S09,S10"
1696,"S02,S03,S04,S08"
1697,"S04,S05"
1698,"S09,S14"
1699,"S06,S07"
1700,S05
1701,"S01,S04,S05"
1702,"S03,S11"
1703,"S09,S10"
1704,"S11,S12"
1705,"S01,S04,S11,S15"
1706,"S11,S12,S15"
1707,"S09,S10"
1708,"S09,S14"
1709,"S01,S02,S11,S12"
1710,"S01,S02"
1711,"S04,S10,S12,S15"
1712,"S01,S13"
1713,"S01,S07,S12,S14"
1714,"S09,S14"
1715,"S01,S06,S11,S14"
1716,"S08,S09,S14"
1717,"S11,S12,S13,S15"
1718,S15
1719,"S09,S10"
1720,"S04,S05,S14"
1721,"S11,S12"
1722,"S02,S07,S08,S10"
1723,S05
1724,"S09,S11"
1725,S03
1726,"S11,S12"
1727,"S01,S02,S05"
1728,"S01,S13"
1729,"S09,S14"
1730,"S02,S04,S13,S15"
1731,"S01,S13"
1732,"S09,S14"
1733,"S01,S02"
1734,"S09,S10"
1735,"S06,S07"
1736,"S02,S11,S12,S15"
1737,"S11,S13,S15"
1738,"S11,S12,S15"
1739,"S11,S12"
1740,"S01,S11"
1741,"S01,S13"
1742,"S11,S13,S14"
1743,"S01,S04,S08,S13"
1744,"S09,S14"
1745,S03
1746,"S01,S02,S03,S10"
1747,"S02,S12,S14"
1748,"S11,S12"
1749,"S11,S12,S15"
1750,"S09,S14"
1751,S14
1752,S07
1753,"S04,S05"
1754,"S06,S13"
1755,S13
1756,"S04,S05"
1757,"S09,S10"
1758,"S09,S10"
1759,"S11,S12"
1760,"S09,S10"
1761,"S01,S02"
1762,"S01,S05,S13"
1763,"S04,S05"
1764,S07
1765,"S09,S10"
1766,"S09,S10"
1767,"S07,S11,S12"
1768,"S03,S06,S10,S14"
1769,"S01,S05,S07,S13"
1770,S02
1771,"S09,S10"
1772,"S01,S02"
1773,"S01,S03,S13"
1774,"S05,S06,S09,S10"
1775,"S01,S13"
1776,"S11,S12"
1777,"S09,S14"
1778,"S09,S14"
1779,S11
1780,"S11,S12,S15"
1781,S05
1782,"S11,S12"
1783,S11
1784,"S06,S07"
1785,"S09,S14"
1786,"S04,S05"
1787,"S11,S12"
1788,"S01,S02,S03,S07"
1789,"S09,S10"
1790,S15
1791,"S01,S13"
1792,"S06,S08"
1793,"S09,S14"
1794,"S02,S04,S09"
1795,"S01,S02"
1796,"S02,S05,S13"
1797,"S08,S11"
1798,S04
1799,"S04,S05"
1800,S14
1801,"S04,S05"
1802,"S06,S07,S08"
1803,"S06,S07,S08"
1804,"S09,S10"
1805,"S05,S07"
1806,S11
1807,"S01,S02"
1808,"S04,S05"
1809,"S01,S02,S06,S08"
1810,S07
1811,"S11,S12"
1812,S01
1813,"S01,S04,S13"
1814,"S02,S04,S07"
1815,"S09,S10"
1816,"S01,S02,S03"
1817,"S04,S05"
1818,"S09,S14"
1819,"S02,S03"
1820,"S06,S07"
1821,"S01,S02,S03"
1822,"S05,S06,S14"
1823,"S01,S02,S14,S15"
1824,"S04,S05"
1825,"S07,S12"
1826,S11
1827,"S09,S10,S14"
1828,"S02,S07"
1829,S11
1830,"S09,S12,S15"
1831,"S04,S05"
1832,"S01,S13"
1833,"S08,S10,S13"
1834,S05
1835,"S01,S02,S03"
1836,"S04,S07,S10,S14"
1837,"S01,S13"
1838,"S01,S13"
1839,"S09,S14"
1840,"S02,S13"
1841,"S01,S13"
1842,S10
1843,S09
1844,"S01,S03,S10,S12"
1845,"S01,S13"
1846,S07
1847,"S09,S14"
1848,"S01,S11"
1849,S06
1850,"S07,S14"
1851,"S01,S13"
1852,"S07,S10"
1853,"S06,S07"
1854,"S09,S10"
1855,"S07,S09,S10"
1856,"S11,S12"
1857,"S01,S09,S14"
1858,"S02,S10,S13"
1859,"S09,S14"
1860,"S09,S14"
1861,"S11,S12"
1862,S02
1863,"S06,S13"
1864,"S04,S11"
1865,"S09,S10"
1866,"S01,S13"
1867,"S04,S05"
1868,"S04,S05"
1869,"S06,S07,S08"
1870,"S09,S14"
1871,"S09,S10"
1872,"S01,S13"
1873,"S01,S13,S14"
1874,"S05,S12,S15"
1875,"S09,S10"
1876,"S10,S14,S15"
1877,"S06,S08,S11"
1878,"S04,S10,S11,S14"
1879,"S04,S06,S08,S11"
1880,"S04,S08"
1881,"S09,S10"
1882,"S09,S10,S15"
1883,"S04,S05"
1884,"S06,S07,S08"
1885,"S01,S03,S09,S15"
1886,"S06,S07,S08"
1887,"S03,S06"
1888,"S09,S14"
1889,"S09,S14"
1890,"S09,S10,S14"
1891,S12
1892,S11
1893,S11
1894,"S01,S02"
1895,S14
1896,"S05,S07,S12,S15"
1897,"S04,S05"
1898,"S04,S12,S15"
1899,"S01,S13"
1900,"S10,S14,S15"
1901,"S06,S07,S08"
1902,"S09,S14"
1903,"S06,S07,S12"
1904,"S05,S11"
1905,"S04,S05"
1906,"S01,S06,S07,S15"
1907,"S01,S02,S03"
1908,"S12,S15"
1909,S14
1910,"S01,S02,S03"
1911,"S02,S08"
1912,"S12,S15"
1913,"S09,S10"
1914,"S01,S02,S03,S10"
1915,S10
1916,"S09,S14"
1917,"S09,S14"
1918,"S02,S06,S07"
1919,"S06,S12"
1920,"S01,S02"
1921,"S01,S09"
1922,"S01,S13"
1923,"S06,S07,S08"
1924,"S03,S08,S09"
1925,"S06,S07"
1926,"S06,S07"
1927,S02
1928,"S02,S10,S11,S15"
1929,"S09,S14"
1930,"S09,S10"
1931,"S04,S05"
1932,"S01,S02"
1933,"S01,S02,S03"
1934,"S04,S05"
1935,"S01,S02"
1936,"S04,S05"
1937,"S04,S05"
1938,"S03,S06,S07"
1939,S12
1940,"S01,S09,S10"
1941,"S04,S15"
1942,"S04,S06,S08"
1943,"S06,S07,S08"
1944,"S01,S02,S03"
1945,"S01,S02,S11,S15"
1946,"S03,S06,S08"
1947,"S02,S06,S07"
1948,"S02,S04,S05,S13"
1949,"S11,S12"
1950,"S05,S06"
1951,"S06,S07,S09"
1952,"S02,S04,S05"
1953,"S01,S02,S03"
1954,S13
1955,"S01,S13"
1956,"S01,S13"
1957,"S09,S10"
1958,S12
1959,"S01,S13"
1960,"S01,S11"
1961,"S01,S02,S03"
1962,"S02,S09"
1963,S04
1964,"S06,S07,S08"
1965,"S03,S06,S07,S08"
1966,"S11,S12"
1967,"S04,S05"
1968,"S01,S02,S04,S11"
1969,"S09,S14"
1970,S09
1971,"S04,S05"
1972,S07
1973,S06
1974,"S05,S12,S14"
1975,"S09,S14"
1976,"S10,S14"
1977,"S02,S04,S06,S08"
1978,"S09,S14"
1979,"S03,S08"
1980,S15
1981,"S01,S13"
1982,S04
1983,"S01,S13"
1984,"S06,S12,S14"
1985,"S01,S02"
1986,S15
1987,"S06,S07,S08"
1988,S14
1989,"S09,S10"
1990,"S06,S07"
1991,"S04,S05"
1992,"S08,S10,S15"
1993,"S01,S14"
1994,S09
1995,"S05,S14"
1996,"S09,S14"
1997,"S11,S12,S15"
1998,"S01,S02"
1999,"S02,S11"
2000,"S08,S11,S12"
2001,"S01,S10,S13"
2002,"S01,S02,S03"
2003,"S07,S09,S13,S15"
2004,S09
2005,"S04,S05"
2006,"S03,S04,S10"
2007,"S01,S02,S03"
2008,"S01,S02,S15"
2009,"S03,S11"
2010,"S03,S08,S10"
2011,"S09,S10"
2012,"S04,S05"
2013,"S11,S12"
2014,"S06,S07,S08"
2015,"S01,S08,S09,S13"
2016,"S05,S12"
2017,"S01,S02"
2018,"S11,S12"
2019,"S09,S10"
2020,"S11,S12"
2021,S01
2022,"S09,S14"
2023,"S03,S10"
2024,"S01,S13"
2025,"S11,S12"
2026,"S09,S14"
2027,"S01,S13"
2028,"S01,S06,S15"
2029,"S03,S04,S08,S10"
2030,S12
2031,"S02,S05,S06"
2032,"S11,S12"
2033,"S01,S02"
2034,"S04,S05"
2035,"S13,S14"
2036,S06
2037,"S13,S14"
2038,S07
2039,S11
2040,"S01,S02,S11"
2041,"S01,S04,S07"
2042,"S02,S05,S10"
2043,"S09,S14"
2044,"S04,S05"
2045,S09
2046,S15
2047,"S09,S14"
2048,"S11,S12,S15"
2049,"S09,S14"
2050,"S09,S11,S12"
2051,"S06,S13,S15"
2052,"S01,S13"
2053,"S06,S10,S12"
2054,S12
2055,"S01,S02"
2056,"S02,S07,S09"
2057,"S06,S07"
2058,"S01,S10"
2059,"S01,S02,S03"
2060,"S04,S05"
2061,"S07,S13"
2062,"S04,S05"
2063,S15
2064,"S01,S02,S03"
2065,"S01,S05,S10,S15"
2066,"S09,S10"
2067,"S04,S05"
2068,"S03,S12"
2069,S02
2070,"S07,S08,S11"
2071,S11
2072,"S04,S05"
2073,"S01,S03,S10"
2074,S10
2075,"S01,S02"
2076,S03
2077,"S04,S05"
2078,"S06,S07,S08"
2079,"S11,S12"
2080,"S04,S05"
2081,"S09,S10,S13"
2082,S03
2083,"S06,S07,S08"
2084,"S01,S02"
2085,"S06,S14"
2086,S12
2087,"S11,S12"
2088,"S01,S06"
2089,"S06,S07"
2090,"S11,S12,S15"
2091,"S09,S14"
2092,"S03,S07,S09,S10"
2093,"S01,S13"
2094,"S11,S12"
2095,"S06,S07"
2096,S12
2097,"S06,S07"
2098,"S06,S07"
2099,"S04,S08,S11,S12"
2100,"S07,S12,S13"
2101,"S06,S07"
2102,"S11,S12"
2103,S15
2104,"S09,S12,S13"
2105,"S04,S11,S12"
2106,"S09,S10"
2107,"S04,S05,S10"
2108,S02
2109,S03
2110,"S01,S13"
2111,"S01,S02,S03"
2112,"S01,S02"
2113,"S02,S08,S12,S13"
2114,"S01,S08,S11,S12"
2115,"S03,S09,S14"
2116,"S01,S02,S03"
2117,"S04,S05"
2118,S01
2119,"S02,S03,S05,S13"
2120,S01
2121,"S01,S02,S09"
2122,"S11,S12"
2123,"S06,S07,S09,S15"
2124,"S06,S07"
2125,"S01,S05,S15"
2126,"S09,S14"
2127,S08
2128,"S03,S08,S11,S14"
2129,S03
2130,S13
2131,"S11,S12"
2132,"S04,S09,S14"
2133,S10
2134,"S09,S14"
2135,"S11,S12"
2136,"S06,S07"
2137,S02
2138,S14
2139,S03
2140,"S09,S14"
2141,"S04,S05"
2142,"S02,S09,S15"
2143,"S02,S04,S05"
2144,"S03,S09,S12,S15"
2145,"S01,S02,S03"
2146,S05
2147,"S09,S10"
2148,"S11,S12"
2149,"S01,S02,S03"
2150,"S05,S09,S10"
2151,"S02,S10,S12"
2152,"S06,S07"
2153,"S04,S05"
2154,"S09,S10"
2155,"S04,S10,S13"
2156,S12
2157,"S09,S14"
2158,"S02,S06,S09"
2159,"S04,S05"
2160,"S06,S10,S11"
2161,"S09,S10"
2162,"S09,S10"
2163,S09
2164,"S07,S10,S13"
2165,S07
2166,"S01,S07,S09"
2167,"S01,S02"
2168,"S04,S05,S12"
2169,"S09,S10"
2170,"S01,S13"
2171,"S04,S05"
2172,"S09,S12,S14"
2173,"S06,S07"
2174,"S01,S15"
2175,"S05,S10,S11,S14"
2176,"S01,S02"
2177,S14
2178,"S09,S14"
2179,"S01,S02,S03,S13"
2180,"S02,S05,S06,S08"
2181,"S06,S07"
2182,S04
2183,"S02,S05,S09"
2184,"S06,S07,S08"
2185,S13
2186,"S04,S05"
2187,"S11,S12,S13,S15"
2188,"S01,S02,S03"
2189,"S01,S13"
2190,"S09,S14"
2191,"S11,S12"
2192,"S01,S03"
2193,"S04,S05"
2194,"S03,S14"
2195,"S06,S08"
2196,"S11,S12"
2197,"S07,S14"
2198,"S02,S09,S12"
2199,"S03,S12,S13"
2200,"S03,S04,S05"
2201,"S06,S07,S08"
2202,"S01,S02,S03"
2203,"S07,S09,S11"
2204,"S02,S07,S08,S11"
2205,"S07,S09,S13"
2206,S09
2207,"S09,S14"
2208,"S06,S07"
2209,"S04,S05"
2210,S09
2211,"S09,S14"
2212,"S01,S13"
2213,"S06,S07"
2214,"S01,S02,S13"
2215,"S01,S13"
2216,"S10,S13,S14"
2217,"S02,S11"
2218,"S04,S05"
2219,"S04,S06,S15"
2220,"S02,S14,S15"
2221,"S04,S05"
2222,"S06,S07,S08"
2223,"S06,S07"
2224,"S01,S09,S10"
2225,"S04,S10,S11"
2226,"S01,S13"
2227,"S09,S14"
2228,S08
2229,"S01,S06,S07,S14"
2230,"S05,S06,S14"
2231,"S04,S05"
2232,"S10,S11"
2233,"S08,S10,S12"
2234,S05
2235,"S06,S07"
2236,"S11,S12,S15"
2237,S02
2238,"S01,S02,S03"
2239,"S05,S14"
2240,"S12,S15"
2241,"S05,S06,S15"
2242,"S01,S13"
2243,"S09,S10"
2244,"S06,S15"
2245,"S09,S14"
2246,"S07,S09"
2247,"S01,S02,S09,S14"
2248,"S04,S05"
2249,S14
2250,"S01,S13"
2251,"S04,S06,S08,S15"
2252,"S09,S14"
2253,"S01,S09,S10"
2254,"S04,S05"
2255,"S01,S13"
2256,"S06,S10,S11,S12"
2257,S11
2258,S04
2259,"S09,S14"
2260,"S04,S05"
2261,"S09,S10"
2262,"S08,S13"
2263,"S03,S08,S10"
2264,S01
2265,"S11,S12"
2266,"S03,S04,S06,S14"
2267,"S08,S09"
2268,"S02,S11"
2269,"S09,S10"
2270,"S11,S12,S15"
2271,"S04,S05,S07,S10"
2272,"S02,S05"
2273,"S03,S04,S09"
2274,"S11,S12,S15"
2275,S14
2276,S14
2277,S15
2278,"S01,S02,S15"
2279,S02
2280,"S09,S10"
2281,"S09,S10"
2282,"S05,S10"
2283,"S11,S12"
2284,"S06,S07,S08"
2285,"S04,S05"
2286,"S06,S07,S08"
2287,"S04,S05"
2288,"S04,S08"
2289,"S01,S02"
2290,S08
2291,"S01,S04,S06,S14"
2292,"S09,S14"
2293,"S04,S05"
2294,"S09,S10"
2295,"S06,S07,S08,S14"
2296,"S01,S02,S03"
2297,"S02,S04,S06,S09"
2298,"S04,S05,S12"
2299,"S01,S07,S13"
2300,S01
2301,"S06,S09,S11"
2302,"S01,S13"
2303,"S01,S10,S13"
2304,"S01,S07,S12,S13"
2305,"S01,S13"
2306,"S09,S10"
2307,"S04,S05"
2308,"S06,S07"
2309,"S11,S12"
2310,"S01,S03,S04,S15"
2311,"S05,S09,S11,S13"
2312,"S01,S13"
2313,"S01,S11"
2314,S15
2315,S14
2316,"S04,S05"
2317,S02
2318,"S04,S05"
2319,"S01,S02,S03"
2320,"S01,S13"
2321,"S11,S12"
2322,"S01,S02"
2323,"S01,S13"
2324,S11
2325,S14
2326,"S09,S14"
2327,"S01,S02,S03"
2328,S07
2329,"S01,S03,S06,S12"
2330,S15
2331,"S01,S13"
2332,S05
2333,"S09,S14"
2334,"S11,S12,S14"
2335,"S06,S07"
2336,"S09,S14"
2337,"S01,S03,S09"
2338,"S09,S10"
2339,"S01,S06,S07"
2340,"S04,S05,S07"
2341,"S05,S07"
2342,"S02,S12,S13"
2343,"S09,S14"
2344,"S01,S04,S05,S13"
2345,"S09,S10"
2346,"S07,S08"
2347,"S05,S10,S14"
2348,S15
2349,"S02,S06,S10"
2350,"S01,S02"
2351,S12
2352,"S04,S05"
2353,"S11,S12"
2354,"S01,S13"
2355,"S01,S02,S03"
2356,S14
2357,"S03,S10,S13"
2358,"S06,S07"
2359,"S02,S05,S11,S12"
2360,"S03,S04,S05"
2361,"S09,S14"
2362,"S04,S05"
2363,"S11,S12,S15"
2364,"S01,S06,S15"
2365,"S06,S07"
2366,"S09,S14"
2367,S04
2368,S13
2369,"S11,S12"
2370,"S09,S10"
2371,"S07,S13"
2372,"S11,S12"
2373,"S02,S08"
2374,"S02,S12"
2375,"S04,S05"
2376,"S01,S13"
2377,"S04,S07,S11"
2378,"S04,S05"
2379,"S06,S07"
2380,"S09,S12,S14"
2381,"S03,S05,S10,S12"
2382,"S01,S02,S06"
2383,"S11,S12,S15"
2384,"S09,S14"
2385,"S04,S11,S12"
2386,S08
2387,"S04,S05"
2388,"S11,S12"
2389,"S09,S14"
2390,"S06,S07"
2391,"S01,S02,S08"
2392,"S11,S12"
2393,S13
2394,"S02,S11,S12,S15"
2395,"S11,S12"
2396,"S02,S06,S12"
2397,"S09,S10"
2398,"S06,S07"
2399,"S01,S09,S13"
2400,"S03,S08"
2401,"S09,S14"
2402,"S01,S02"
2403,"S01,S13"
2404,S02
2405,"S09,S10"
2406,"S01,S02,S09,S11"
2407,"S02,S13"
2408,"S06,S14,S15"
2409,"S01,S13"
2410,"S01,S14"
2411,"S04,S05"
2412,"S01,S13"
2413,"S11,S12,S15"
2414,S13
2415,"S09,S10"
2416,"S02,S03,S05,S08"
2417,"S01,S13"
2418,"S05,S10"
2419,"S01,S03,S15"
2420,"S04,S05"
2421,"S02,S11,S14"
2422,"S03,S12,S13"
2423,"S09,S14"
2424,"S06,S13"
2425,"S01,S06,S10,S15"
2426,"S05,S12"
2427,"S01,S02"
2428,"S11,S15"
2429,"S08,S09"
2430,"S02,S04,S06"
2431,S11
2432,"S01,S02,S03"
2433,"S04,S05"
2434,"S08,S10,S13"
2435,"S09,S10"
2436,"S05,S08,S11,S15"
2437,"S04,S06,S10"
2438,"S03,S11,S12"
2439,"S01,S08,S13,S15"
2440,S13
2441,S12
2442,"S01,S02"
2443,"S01,S13"
2444,"S11,S12"
2445,"S09,S10"
2446,S07
2447,"S06,S10,S12,S13"
2448,"S06,S07,S08"
2449,"S09,S10"
2450,"S01,S10,S12"
2451,"S11,S12,S15"
2452,"S10,S12"
2453,"S06,S07,S08"
2454,"S03,S06,S11"
2455,"S01,S05,S15"
2456,"S09,S14"
2457,"S01,S07,S14,S15"
2458,"S04,S05"
2459,S12
2460,"S04,S05"
2461,"S03,S13"
2462,"S01,S02,S03"
2463,"S01,S13"
2464,S09
2465,"S04,S05"
2466,"S01,S13"
2467,"S09,S14"
2468,"S01,S02,S03"
2469,"S07,S11,S13"
2470,"S06,S07,S08"
2471,"S09,S10"
2472,"S01,S03,S10,S12"
2473,"S01,S02"
2474,"S01,S13"
2475,"S04,S05"
2476,"S01,S13"
2477,"S10,S12"
2478,"S01,S05,S07,S10"
2479,"S09,S11,S14"
2480,"S11,S12,S14"
2481,"S09,S14"
2482,"S09,S14"
2483,"S04,S05,S07"
2484,S15
2485,"S01,S03,S12,S14"
2486,S03
2487,"S04,S05,S14"
2488,"S01,S05,S08,S15"
2489,"S01,S13"
2490,S10
2491,"S09,S14"
2492,"S01,S14,S15"
2493,"S01,S13"
2494,"S06,S07"
2495,"S04,S05"
2496,"S09,S14"
2497,"S02,S14"
2498,S01
2499,S06
2500,"S06,S14"
2501,"S02,S14"
2502,"S09,S14"
2503,"S09,S10,S15"
2504,"S05,S08,S12,S14"
2505,"S09,S10"
2506,"S09,S14"
2507,S05
2508,"S12,S13"
2509,"S03,S04,S09,S11"
2510,"S06,S07"
2511,"S01,S02"
2512,"S03,S07,S10"
2513,"S11,S12"
2514,"S11,S12,S15"
2515,"S11,S12"
2516,"S04,S06,S07,S08"
2517,"S01,S02"
2518,"S05,S13"
2519,"S01,S02,S13"
2520,S15
2521,"S09,S10"
2522,"S04,S05"
2523,"S06,S07"
2524,"S02,S03,S14"
2525,"S04,S05"
2526,"S09,S14"
2527,"S01,S06"
2528,"S06,S10"
2529,"S01,S13"
2530,"S06,S07"
2531,"S01,S10,S15"
2532,S05
2533,"S11,S12"
2534,"S09,S13,S14"
2535,"S09,S14"
2536,"S07,S09"
2537,"S01,S02"
2538,"S04,S05"
2539,"S09,S14"
2540,"S07,S10"
2541,"S01,S06"
2542,"S02,S07,S11,S15"
2543,"S11,S12"
2544,"S01,S13"
2545,S02
2546,"S09,S10"
2547,S11
2548,"S06,S14"
2549,S15
2550,"S06,S07,S08"
2551,S06
2552,"S01,S04,S15"
2553,"S07,S13"
2554,"S02,S08,S11"
2555,"S04,S11,S12"
2556,"S09,S14"
2557,"S11,S12"
2558,"S05,S07,S09,S14"
2559,"S12,S13,S15"
2560,"S01,S13"
2561,"S01,S02"
2562,"S06,S07,S08"
2563,"S03,S07,S08,S09"
2564,S10
2565,"S01,S14"
2566,"S04,S05"
2567,"S01,S13"
2568,"S09,S14"
2569,"S01,S13"
2570,"S01,S02,S03"
2571,"S01,S13"
2572,"S04,S07,S09,S10"
2573,"S08,S14,S15"
2574,"S01,S13"
2575,"S04,S05,S06"
2576,"S09,S10"
2577,"S09,S10"
2578,S04
2579,"S09,S10"
2580,"S01,S13"
2581,"S06,S07"
2582,"S09,S14"
2583,"S04,S05"
2584,"S04,S05"
2585,"S11,S12"
2586,"S11,S12,S15"
2587,"S03,S04,S09,S15"
2588,"S04,S05"
2589,S11
2590,S15
2591,"S01,S06,S10"
2592,"S09,S14"
2593,"S01,S02,S03"
2594,"S09,S10"
2595,"S01,S13"
2596,S13
2597,S02
2598,"S11,S12"
2599,"S09,S14"
2600,"S04,S05"
2601,"S02,S08,S12"
2602,"S06,S09,S10"
2603,"S09,S14"
2604,"S09,S14"
2605,"S09,S14"
2606,"S02,S03,S05,S15"
2607,S02
2608,S15
2609,"S06,S07,S12"
2610,"S09,S14"
2611,"S09,S14"
2612,"S02,S10,S12"
2613,"S01,S02,S03"
2614,"S01,S13"
2615,"S09,S14"
2616,"S04,S05,S08,S11"
2617,"S06,S07,S08"
2618,"S01,S02"
2619,"S09,S14"
2620,"S03,S08,S13,S15"
2621,S06
2622,"S02,S06,S07"
2623,"S01,S13"
2624,"S01,S06,S09"
2625,"S06,S07,S09,S14"
2626,"S06,S07"
2627,"S06,S07"
2628,"S01,S02,S03"
2629,"S08,S11,S13"
2630,"S04,S05"
2631,"S11,S12"
2632,S06
2633,"S01,S03,S05,S12"
2634,"S11,S12"
2635,"S11,S12"
2636,"S11,S12"
2637,"S09,S10"
2638,S14
2639,"S04,S05"
2640,"S04,S05"
2641,S03
2642,"S09,S10"
2643,"S04,S05"
2644,"S09,S14"
2645,"S04,S11,S12,S15"
2646,"S04,S05"
2647,"S01,S13"
2648,"S03,S06,S12,S15"
2649,"S04,S05"
2650,"S01,S13"
2651,S13
2652,"S05,S11,S12"
2653,"S06,S07"
2654,"S04,S11,S12"
2655,S01
2656,"S06,S07,S12,S15"
2657,S09
2658,"S01,S02,S05,S13"
2659,"S06,S08"
2660,"S02,S03,S12"
2661,"S06,S07,S08"
2662,"S04,S05"
2663,S09
2664,"S02,S12,S14"
2665,"S09,S14"
2666,S12
2667,"S01,S02,S03"
2668,"S09,S10"
2669,"S02,S04,S08,S09"
2670,"S06,S07,S08"
2671,"S01,S02,S11"
2672,"S05,S06,S10,S12"
2673,"S06,S07,S08"
2674,"S04,S06,S10,S14"
2675,"S06,S07"
2676,"S09,S10,S14"
2677,"S01,S03,S05"
2678,"S03,S09"
2679,"S09,S14"
2680,"S09,S10"
2681,"S09,S14"
2682,"S01,S13"
2683,"S11,S12,S13"
2684,S02
2685,"S01,S13"
2686,"S04,S05"
2687,"S05,S08,S11,S12"
2688,"S04,S11,S14"
2689,"S11,S12"
2690,"S09,S14"
2691,S13
2692,"S01,S03,S05"
2693,"S05,S13"
2694,"S09,S14"
2695,"S07,S15"
2696,"S06,S07,S12"
2697,"S01,S03,S05,S06"
2698,"S01,S13"
2699,"S06,S14"
2700,S07
2701,"S04,S05"
2702,"S07,S13,S14"
2703,"S01,S05,S07,S08"
2704,"S07,S13,S15"
2705,"S05,S10,S11,S13"
2706,S08
2707,S10
2708,"S06,S07,S08"
2709,"S01,S04,S05,S15"
2710,"S04,S05"
2711,S06
2712,"S11,S12"
2713,"S09,S14"
2714,"S07,S11"
2715,S05
2716,"S01,S03,S09,S14"
2717,S08
2718,S01
2719,"S01,S02"
2720,S03
2721,"S01,S13"
2722,"S07,S12,S15"
2723,"S11,S12,S15"
2724,"S02,S05,S10,S12"
2725,"S01,S02"
2726,"S01,S02"
2727,"S02,S14"
2728,"S01,S03"
2729,"S09,S14"
2730,"S06,S07,S08"
2731,S15
2732,"S11,S12"
2733,"S06,S07,S08"
2734,"S01,S02,S03"
2735,"S01,S02"
2736,"S03,S09"
2737,S11
2738,"S07,S09"
2739,"S06,S07"
2740,"S01,S02"
2741,"S09,S14"
2742,"S01,S02,S03"
2743,"S09,S10"
2744,"S04,S05"
2745,"S02,S08,S11,S15"
2746,S15
2747,S13
2748,"S05,S06,S10,S12"
2749,S08
2750,"S04,S05"
2751,"S01,S13,S15"
2752,"S06,S07"
2753,"S09,S10"
2754,S12
2755,S04
2756,"S01,S02,S09,S14"
2757,"S03,S08,S10"
2758,"S01,S02"
2759,"S04,S12"
2760,"S03,S10,S11"
2761,S12
2762,"S09,S10"
2763,"S01,S02"
2764,"S08,S09"
2765,"S01,S13"
2766,"S09,S14"
2767,"S01,S02,S03"
2768,"S03,S07,S08"
2769,"S06,S07"
2770,"S11,S12,S15"
2771,"S03,S04,S13,S14"
2772,"S04,S05"
2773,"S01,S02"
2774,S07
2775,"S09,S10"
2776,"S09,S14"
2777,"S06,S09"
2778,"S04,S07,S10"
2779,"S01,S03,S13"
2780,"S05,S09,S10,S15"
2781,"S04,S05"
2782,"S08,S11"
2783,S14
2784,"S09,S14"
2785,"S01,S06"
2786,S09
2787,S14
2788,"S05,S08,S15"
2789,S07
2790,"S04,S05,S12"
2791,"S11,S12,S15"
2792,"S11,S12,S15"
2793,S03
2794,"S01,S06,S10,S12"
2795,"S09,S10"
2796,"S04,S05"
2797,"S11,S12"
2798,"S01,S12"
2799,"S03,S10"
2800,"S09,S10"
2801,"S04,S05"
2802,"S08,S11,S14"
2803,S05
2804,"S04,S05"
2805,"S06,S07"
2806,"S03,S05,S08"
2807,"S09,S14"
2808,S14
2809,"S01,S02"
2810,"S09,S14"
2811,"S04,S05"
2812,S09
2813,"S12,S13"
2814,"S01,S02"
2815,"S03,S09,S10,S15"
2816,"S04,S05"
2817,S03
2818,"S01,S02,S03,S15"
2819,"S06,S07,S08"
2820,"S11,S12"
2821,S05
2822,"S01,S02,S03"
2823,S10
2824,"S11,S12"
2825,"S01,S06,S15"
2826,"S06,S15"
2827,"S03,S05,S09,S14"
2828,"S01,S13"
2829,"S04,S08,S12"
2830,"S11,S12"
2831,S04
2832,"S01,S02,S03"
2833,"S09,S14,S15"
2834,"S06,S15"
2835,"S04,S05"
2836,"S09,S14"
2837,"S05,S06"
2838,"S04,S08,S14"
2839,"S08,S14"
2840,"S06,S07,S08"
2841,"S04,S09,S14"
2842,"S06,S07"
2843,"S09,S10"
2844,"S09,S14"
2845,"S01,S02"
2846,"S09,S10"
2847,"S01,S02,S03"
2848,"S07,S08,S10"
2849,"S08,S11,S12"
2850,"S03,S09,S10"
2851,"S03,S09,S14"
2852,"S01,S06"
2853,"S01,S02,S04"
2854,"S06,S07"
2855,"S06,S07"
2856,"S02,S08,S09"
2857,"S02,S08,S10,S11"
2858,"S01,S13"
2859,"S01,S15"
2860,S14
2861,"S01,S02,S03"
2862,"S09,S14"
2863,"S06,S07"
2864,"S05,S12,S13,S15"
2865,"S05,S08,S10,S11"
2866,"S11,S12"
2867,"S01,S13"
2868,"S06,S07,S08"
2869,"S09,S14,S15"
2870,"S01,S02,S03"
2871,"S09,S10"
2872,"S06,S07,S08"
2873,"S11,S12,S15"
2874,"S09,S14"
2875,S15
2876,"S09,S14"
2877,"S01,S13"
2878,"S09,S14"
2879,"S10,S14,S15"
2880,"S04,S08,S10"
2881,"S01,S13"
2882,"S03,S11,S12,S15"
2883,"S04,S05,S08"
2884,S03
2885,"S03,S06"
2886,S11
2887,"S09,S12"
2888,"S07,S08,S11,S12"
2889,"S04,S05"
2890,"S05,S07,S11,S13"
2891,"S09,S10"
2892,"S05,S09,S13"
2893,"S04,S08,S09,S13"
2894,"S07,S10,S13,S15"
2895,"S04,S05"
2896,"S06,S07"
2897,"S09,S10"
2898,"S09,S10"
2899,"S06,S07,S08"
2900,S06
2901,"S02,S04,S13,S15"
2902,"S04,S05"
2903,"S01,S13"
2904,"S02,S11,S13"
2905,"S11,S12,S13"
2906,"S04,S15"
2907,"S09,S14"
2908,"S04,S05"
2909,"S03,S15"
2910,"S09,S14"
2911,"S11,S12"
2912,"S06,S08,S14"
2913,"S01,S02"
2914,"S01,S06"
2915,"S06,S07,S08"
2916,"S06,S07"
2917,S01
2918,"S01,S13"
2919,S07
2920,"S09,S14"
2921,"S11,S12"
2922,"S04,S05"
2923,"S06,S12"
2924,"S09,S14"
2925,"S06,S07,S08"
2926,"S04,S05"
2927,"S02,S06,S09,S12"
2928,"S01,S02,S03"
2929,"S05,S06,S09"
2930,S05
2931,"S05,S08,S10,S14"
2932,"S06,S09,S14"
2933,"S05,S08"
2934,S14
2935,"S09,S14"
2936,"S01,S02"
2937,S03
2938,"S11,S12"
2939,S08
2940,"S02,S09,S14"
2941,"S09,S10,S11,S15"
2942,"S01,S13"
2943,"S01,S02,S03"
2944,S04
2945,"S06,S07,S08"
2946,"S09,S14"
2947,S13
2948,"S01,S13"
2949,"S01,S02,S03"
2950,"S11,S12,S15"
2951,S02
2952,"S09,S10"
2953,"S06,S07"
2954,"S03,S13,S14"
2955,"S07,S09,S10,S14"
2956,"S11,S12"
2957,"S11,S15"
2958,"S04,S05"
2959,"S04,S05"
2960,"S11,S12"
2961,"S03,S08,S14"
2962,"S06,S07,S08"
2963,"S01,S02"
2964,"S04,S05"
2965,S10
2966,"S01,S04,S08"
2967,"S09,S10"
2968,"S06,S07,S08"
2969,"S12,S13,S14"
2970,"S05,S13"
2971,"S07,S15"
2972,"S03,S15"
2973,"S03,S05,S14"
2974,S06
2975,"S09,S10"
2976,"S01,S04,S10,S11"
2977,"S06,S07"
2978,"S04,S05"
2979,"S06,S07,S08"
2980,"S07,S08"
2981,"S03,S04,S06,S07"
2982,"S09,S14"
2983,"S02,S11,S12,S15"
2984,S14
2985,"S03,S06,S10,S15"
2986,"S03,S05,S09"
2987,"S08,S09,S10"
2988,"S11,S12,S15"
2989,"S07,S11"
2990,S02
2991,"S01,S13"
2992,"S06,S07,S08"
2993,"S04,S05,S15"
2994,"S01,S13"
2995,"S06,S07"
2996,"S11,S12,S15"
2997,"S01,S13"
2998,S07
2999,"S12,S13"
3000,S14
3001,"S07,S12"
3002,"S09,S14"
3003,"S06,S07,S08"
3004,"S04,S07,S08,S10"
3005,"S09,S15"
3006,"S06,S07"
3007,"S03,S07"
3008,"S06,S09,S10"
3009,S07
3010,"S09,S14"
3011,"S01,S02,S03"
3012,S05
3013,"S03,S04,S11,S14"
3014,"S02,S08"
3015,"S03,S07,S08,S14"
3016,"S11,S12"
3017,"S11,S12"
3018,"S11,S12"
3019,"S04,S05"
3020,"S02,S03,S15"
3021,"S09,S14"
3022,"S06,S07"
3023,"S06,S09,S13"
3024,"S09,S10"
3025,"S08,S09,S14"
3026,"S04,S09,S14"
3027,"S01,S02,S03"
3028,"S03,S04,S07,S08"
3029,"S06,S09,S14"
3030,"S06,S10"
3031,"S09,S14"
3032,S06
3033,S12
3034,"S04,S05"
3035,"S01,S05,S11,S15"
3036,"S11,S12"
3037,"S09,S10"
3038,"S03,S08,S09,S13"
3039,"S04,S05"
3040,"S06,S07"
3041,S02
3042,S08
3043,"S06,S07"
3044,"S06,S07"
3045,"S03,S12"
3046,"S04,S11,S14,S15"
3047,S07
3048,"S11,S12"
3049,S14
3050,"S01,S02,S03,S11"
3051,"S06,S07"
3052,"S02,S03,S06,S13"
3053,"S09,S10"
3054,"S01,S13"
3055,"S04,S13"
3056,"S01,S10,S13"
3057,"S06,S08,S09,S12"
3058,"S01,S02,S03"
3059,"S01,S02,S03"
3060,"S01,S02"
3061,"S03,S11,S12"
3062,"S01,S02"
3063,"S09,S14"
3064,"S06,S09,S14"
3065,"S01,S04,S07"
3066,"S09,S10"
3067,"S05,S14"
3068,S11
3069,"S04,S05"
3070,"S03,S07,S08,S13"
3071,"S09,S10"
3072,"S04,S05"
3073,"S01,S13"
3074,"S04,S05"
3075,"S06,S07,S08"
3076,"S02,S12"
3077,"S04,S05"
3078,S14
3079,"S04,S05"
3080,"S08,S09"
3081,"S01,S02"
3082,"S01,S02"
3083,S03
3084,"S04,S05,S10"
3085,"S01,S02,S03"
3086,"S01,S02"
3087,"S02,S12,S15"
3088,"S09,S10"
3089,"S06,S07,S08"
3090,S15
3091,"S01,S02,S03"
3092,"S01,S13"
3093,S09
3094,"S06,S09,S13"
3095,"S11,S12"
3096,"S01,S02,S03"
3097,"S09,S14"
3098,"S04,S05"
3099,"S09,S10"
3100,"S11,S12"
3101,"S04,S08,S15"
3102,"S01,S13"
3103,"S08,S10,S11"
3104,"S06,S07"
3105,"S06,S07,S08"
3106,"S08,S11,S12,S15"
3107,"S01,S08"
3108,"S01,S05,S08,S15"
3109,"S09,S10"
3110,S06
3111,"S06,S09,S12"
3112,"S01,S02,S05,S14"
3113,S08
3114,"S01,S12"
3115,S13
3116,"S01,S13"
3117,"S01,S12,S13,S15"
3118,S07
3119,"S01,S02,S03"
3120,"S01,S13"
3121,"S07,S08,S10,S12"
3122,"S09,S13"
3123,S04
3124,S13
3125,"S01,S13"
3126,"S04,S05"
3127,"S01,S10"
3128,"S03,S13"
3129,"S06,S07"
3130,"S06,S08,S14"
3131,"S01,S13"
3132,"S11,S12"
3133,"S01,S13"
3134,"S04,S05"
3135,"S03,S09"
3136,"S02,S12"
3137,S15
3138,S05
3139,"S01,S07"
3140,"S02,S08,S09,S13"
3141,S05
3142,"S09,S10"
3143,"S04,S08"
3144,"S06,S07,S08"
3145,"S09,S14"
3146,"S01,S13"
3147,"S09,S10"
3148,"S11,S13"
3149,"S01,S13"
3150,"S04,S05"
3151,"S04,S05"
3152,"S01,S04,S13"
3153,"S09,S10"
3154,"S01,S02"
3155,"S08,S12,S14"
3156,"S11,S12,S15"
3157,"S02,S13"
3158,"S01,S13"
3159,"S04,S05"
3160,"S09,S14"
3161,"S04,S05"
3162,"S09,S14"
3163,"S03,S04,S10,S13"
3164,S15
3165,"S05,S11"
3166,"S06,S07"
3167,"S01,S02,S06,S13"
3168,S01
3169,"S10,S15"
3170,"S09,S10"
3171,"S01,S13"
3172,"S01,S04,S05,S10"
3173,"S01,S02"
3174,S06
3175,"S01,S10,S13"
3176,"S06,S07"
3177,S07
3178,S14
3179,"S11,S12"
3180,"S01,S13"
3181,"S11,S12,S15"
3182,S11
3183,"S01,S05"
3184,"S03,S10,S15"
3185,"S01,S02"
3186,"S04,S05"
3187,"S11,S12"
3188,"S09,S14"
3189,"S04,S05"
3190,"S01,S05,S06,S13"
3191,"S04,S05"
3192,"S01,S13"
3193,"S11,S12"
3194,S10
3195,"S06,S07"
3196,"S05,S09,S11,S14"
3197,"S01,S13"
3198,"S03,S12"
3199,"S09,S10"
3200,"S05,S06,S08,S12"
3201,"S04,S05"
3202,"S11,S12,S15"
3203,"S06,S07"
3204,"S01,S08,S11,S14"
3205,"S06,S15"
3206,"S01,S13"
3207,"S11,S12,S15"
3208,"S01,S13"
3209,"S04,S09,S14"
3210,"S04,S05"
3211,"S02,S11,S13"
3212,"S08,S09,S10"
3213,"S09,S14"
3214,"S06,S07,S08"
3215,"S03,S15"
3216,"S02,S11"
3217,"S02,S05,S14"
3218,"S09,S14"
3219,"S02,S09"
3220,"S04,S05"
3221,"S03,S04,S06,S10"
3222,"S09,S10"
3223,"S02,S08,S13"
3224,"S09,S10"
3225,"S02,S04,S13"
3226,S05
3227,S14
3228,S15
3229,"S04,S05"
3230,"S06,S07,S08"
3231,"S01,S11"
3232,"S01,S13"
3233,S13
3234,"S03,S13,S14"
3235,S01
3236,"S09,S14"
3237,"S06,S07"
3238,"S09,S14"
3239,"S03,S07,S11"
3240,"S06,S07,S08"
3241,"S09,S10"
3242,"S01,S13"
3243,"S06,S07,S08"
3244,"S11,S12,S15"
3245,"S05,S10,S12,S14"
3246,"S02,S04,S05,S11"
3247,"S09,S14"
3248,"S11,S12,S15"
3249,"S01,S02,S03"
3250,"S04,S05,S08,S09"
3251,S13
3252,"S11,S12"
3253,"S02,S10,S15"
3254,"S11,S12,S15"
3255,"S11,S12"
3256,S05
3257,"S03,S08,S10,S15"
3258,"S04,S05"
3259,"S09,S14"
3260,S12
3261,"S01,S02"
3262,"S09,S11,S14"
3263,"S06,S10,S13,S14"
3264,"S09,S11,S13"
3265,"S07,S08,S13,S15"
3266,"S01,S02"
3267,"S09,S14"
3268,S11
3269,"S07,S11,S12"
3270,"S09,S14"
3271,"S07,S15"
3272,"S04,S10,S12,S13"
3273,"S01,S13"
3274,"S02,S03,S07,S10"
3275,"S01,S13"
3276,"S04,S05"
3277,S15
3278,"S05,S09"
3279,"S06,S07,S08"
3280,"S06,S07"
3281,"S01,S06,S07,S10"
3282,"S06,S07,S08"
3283,"S01,S13"
3284,"S01,S13"
3285,"S09,S10"
3286,S11
3287,S06
3288,"S01,S05,S10,S13"
3289,"S09,S10"
3290,"S04,S05"
3291,"S11,S12"
3292,"S04,S06,S07"
3293,"S01,S06,S07,S12"
3294,S12
3295,"S07,S09,S11,S14"
3296,"S11,S12"
3297,"S09,S10"
3298,"S01,S02,S07"
3299,"S08,S15"
3300,S06
3301,"S01,S09,S15"
3302,"S06,S07"
3303,"S06,S07"
3304,S15
3305,"S04,S05"
3306,"S09,S10"
3307,"S04,S05"
3308,"S01,S02,S03"
3309,"S01,S02,S08"
3310,"S01,S13"
3311,"S11,S12,S15"
3312,"S03,S04,S07,S13"
3313,"S06,S10"
3314,"S09,S13"
3315,S08
3316,S10
3317,S09
3318,"S03,S04,S10"
3319,S01
3320,"S07,S11,S14"
3321,"S06,S07,S09,S11"
3322,"S09,S11"
3323,"S09,S10"
3324,"S09,S10"
3325,"S10,S11,S12,S15"
3326,"S09,S14"
3327,"S11,S14"
3328,"S11,S12,S15"
3329,"S09,S14"
3330,"S03,S15"
3331,"S09,S14"
3332,"S03,S05,S14,S15"
3333,"S05,S09"
3334,S04
3335,"S06,S07"
3336,"S04,S08,S09,S15"
3337,"S11,S12,S15"
3338,"S01,S02,S03"
3339,"S03,S07,S08,S10"
3340,"S06,S07"
3341,"S06,S07"
3342,"S01,S09"
3343,S01
3344,S11
3345,"S01,S02"
3346,"S02,S06,S08"
3347,"S03,S14"
3348,"S02,S14"
3349,"S09,S10"
3350,"S01,S02,S06"
3351,"S01,S02"
3352,"S09,S11,S12"
3353,"S01,S02"
3354,"S09,S14"
3355,S07
3356,"S01,S02"
3357,"S09,S10"
3358,S02
3359,"S03,S04,S08"
3360,"S09,S10"
3361,"S06,S07"
3362,"S01,S05,S08"
3363,"S01,S13,S14"
3364,"S04,S10,S11"
3365,"S04,S07,S13,S14"
3366,S06
3367,"S09,S14"
3368,"S06,S07"
3369,"S01,S13"
3370,"S09,S10"
3371,"S01,S13"
3372,"S11,S12"
3373,"S01,S13"
3374,"S09,S10"
3375,S08
3376,S02
3377,"S09,S10"
3378,"S06,S07,S08"
3379,"S06,S07,S08"
3380,"S06,S07,S08"
3381,"S10,S11"
3382,"S08,S15"
3383,"S09,S10"
3384,"S06,S07,S08"
3385,"S01,S13"
3386,"S11,S12"
3387,S10
3388,"S06,S07,S08"
3389,"S01,S13"
3390,S14
3391,"S01,S05,S06,S14"
3392,"S04,S05,S09"
3393,"S11,S12,S15"
3394,S10
3395,"S09,S14"
3396,"S01,S13"
3397,"S09,S14"
3398,"S09,S14"
3399,"S09,S14"
3400,"S01,S02,S03"
3401,"S09,S10"
3402,"S10,S11,S12,S15"
3403,S03
3404,S11
3405,S08
3406,"S01,S03,S06"
3407,"S07,S11,S13"
3408,"S01,S13"
3409,S11
3410,S14
3411,"S10,S13"
3412,"S04,S05"
3413,"S09,S10"
3414,"S04,S07,S10,S13"
3415,"S01,S13"
3416,"S01,S13"
3417,"S04,S05"
3418,"S05,S06,S07"
3419,"S03,S05,S13,S14"
3420,"S01,S13"
3421,S01
3422,"S09,S14"
3423,S05
3424,"S07,S09"
3425,"S07,S09,S14"
3426,"S06,S07"
3427,"S10,S11"
3428,"S05,S10,S13,S15"
3429,S08
3430,"S04,S05"
3431,"S09,S10"
3432,"S02,S05,S07,S12"
3433,"S09,S10"
3434,"S01,S13"
3435,S01
3436,"S08,S14,S15"
3437,S08
3438,"S11,S12"
3439,"S02,S11,S12"
3440,"S04,S05"
3441,"S09,S10"
3442,"S09,S14"
3443,"S01,S10"
3444,"S04,S05"
3445,"S04,S07,S12"
3446,S06
3447,"S01,S02"
3448,"S01,S02"
3449,S07
3450,"S06,S07"
3451,"S02,S07,S13"
3452,"S01,S02"
3453,"S03,S09,S10"
3454,"S11,S12,S15"
3455,"S03,S04"
3456,"S09,S10,S11"
3457,"S03,S06,S07,S09"
3458,"S01,S12,S13,S15"
3459,"S01,S04,S08,S13"
3460,"S10,S14"
3461,"S04,S05"
3462,"S01,S07,S13"
3463,"S01,S03,S14"
3464,"S09,S11"
3465,"S11,S12,S15"
3466,"S02,S09,S14"
3467,"S09,S14"
3468,"S04,S06,S11,S12"
3469,"S09,S14"
3470,"S01,S13"
3471,"S11,S12,S15"
3472,"S01,S05,S11,S13"
3473,"S01,S02"
3474,"S01,S02,S03,S04"
3475,"S09,S10"
3476,S14
3477,"S02,S03,S08,S13"
3478,"S11,S12"
3479,"S03,S06,S13"
3480,"S04,S05"
3481,"S07,S12,S13"
3482,"S01,S08"
3483,"S11,S12"
3484,"S09,S10"
3485,"S01,S13"
3486,"S09,S10"
3487,S14
3488,"S11,S14"
3489,S07
3490,S04
3491,"S09,S14"
3492,"S04,S05"
3493,"S09,S10"
3494,S14
3495,"S05,S06,S11,S14"
3496,"S09,S14"
3497,S14
3498,"S03,S11,S14"
3499,S01
3500,"S04,S09,S12"
